context	sig	proportion
DEL_C_1_0	ID9	0.33493987999518
DEL_C_1_1	ID3	0.208876169626629
DEL_C_1_2	ID3	0.176324217528973
DEL_C_1_3	ID15	0.136006057901119
DEL_C_1_4	ID7	0.114891908310649
DEL_C_1_5+	ID7	0.251763140489421
DEL_MH_2_1	ID4	0.188997489055013
DEL_MH_3_1	ID5	0.0131571469210571
DEL_MH_3_2	ID4	0.049416600752917
DEL_MH_4_1	ID4	0.0109817189450914
DEL_MH_4_2	ID4	0.0294838768525806
DEL_MH_4_3	ID4	0.0488666397556668
DEL_MH_5+_1	ID8	0.280724260157827
DEL_MH_5+_2	ID6	0.253108347759325
DEL_MH_5+_3	ID6	0.216806032650418
DEL_MH_5+_4	ID6	0.120483943361452
DEL_MH_5+_5+	ID6	0.099282999297849
DEL_T_1_0	ID9	0.105105372684684
DEL_T_1_1	ID13	0.498224164512431
DEL_T_1_2	ID15	0.120410466467629
DEL_T_1_3	ID18	0.238477910057941
DEL_T_1_4	ID7	0.158850552046897
DEL_T_1_5+	ID2	0.814697226888183
DEL_repeats_2_0	ID4	0.0717242136413789
DEL_repeats_2_1	ID4	0.230512878847436
DEL_repeats_2_2	ID4	0.055059395724703
DEL_repeats_2_3	ID7	0.0721321375672072
DEL_repeats_2_4	ID7	0.0522508416864949
DEL_repeats_2_5+	ID12	0.251519843993921
DEL_repeats_3_0	ID5	0.0171363698971818
DEL_repeats_3_1	ID4	0.0971144655144277
DEL_repeats_3_2	ID4	0.0214842818925786
DEL_repeats_3_3	ID12	0.0059200509763198
DEL_repeats_3_4	ID12	0.0686221427255114
DEL_repeats_3_5+	ID12	0.0974809436100762
DEL_repeats_4_0	ID5	0.0107912649352524
DEL_repeats_4_1	ID4	0.0635237296823814
DEL_repeats_4_2	ID4	0.0145489219272554
DEL_repeats_4_3	ID12	0.0392590578429638
DEL_repeats_4_4	ID12	0.0532878727868485
DEL_repeats_4_5+	ID12	0.0186444489254222
DEL_repeats_5+_0	ID8	0.237978862286063
DEL_repeats_5+_1	ID10	0.026205652102202
DEL_repeats_5+_2	ID12	0.00510384197958463
DEL_repeats_5+_3	ID12	0.00220095199119619
DEL_repeats_5+_4	ID12	0.00125618599497526
DEL_repeats_5+_5+	ID12	0.00618125997527496
INS_C_1_0	ID14	0.454386958180709
INS_C_1_1	ID11	0.163482883869214
INS_C_1_2	ID16	0.124683558062386
INS_C_1_3	ID16	0.0988831205554055
INS_C_1_4	ID16	0.0620943792528956
INS_C_1_5+	ID7	0.0603432286379406
INS_T_1_0	ID13	0.0411370127120409
INS_T_1_1	ID11	0.314277275748578
INS_T_1_2	ID11	0.161807822870554
INS_T_1_3	ID11	0.10772532691382
INS_T_1_4	ID16	0.0519623764470054
INS_T_1_5+	ID1	0.890906468240421
INS_repeats_2_0	ID17	0.0343794135783801
INS_repeats_2_1	ID17	0.0585086492632652
INS_repeats_2_2	ID17	0.0636941929664411
INS_repeats_2_3	ID17	0.00976271301510184
INS_repeats_2_4	ID14	0.00297397802081785
INS_repeats_2_5+	ID12	0.0380051968479792
INS_repeats_3_0	ID17	0.0195831374457896
INS_repeats_3_1	ID17	0.112273274400416
INS_repeats_3_2	ID17	0.0388744786920139
INS_repeats_3_3	ID10	0.000461099001798286
INS_repeats_3_4	ID14	0.00060186000421302
INS_repeats_3_5+	ID12	0.00284031198863875
INS_repeats_4_0	ID10	0.0160034520624135
INS_repeats_4_1	ID17	0.210245111019824
INS_repeats_4_2	ID17	0.00974909693497787
INS_repeats_4_3	ID14	0.000713852004996964
INS_repeats_4_4	ID10	0.00228049200889392
INS_repeats_4_5+	ID10	0.0138029770538316
INS_repeats_5+_0	ID10	0.0492106131919214
INS_repeats_5+_1	ID10	0.278059972084434
INS_repeats_5+_2	ID10	0.00922198903596576
INS_repeats_5+_3	ID10	0.00366078901427708
INS_repeats_5+_4	ID10	0.00334072001302881
INS_repeats_5+_5+	ID12	0.00613606997545572
